<?xml version="1.0" encoding="UTF-8"?>
<project-private xmlns="http://www.netbeans.org/ns/project-private/1">
    <editor-bookmarks xmlns="http://www.netbeans.org/ns/editor-bookmarks/2" lastBookmarkId="0"/>
    <open-files xmlns="http://www.netbeans.org/ns/projectui-open-files/2">
        <group>
            <file>file:/H:/xampp/htdocs/vero/routes/api.php</file>
            <file>file:/H:/xampp/htdocs/vero/routes/console.php</file>
            <file>file:/H:/xampp/htdocs/vero/routes/web.php</file>
            <file>file:/H:/xampp/htdocs/vero/index.php</file>
            <file>file:/H:/xampp/htdocs/vero/routes/channels.php</file>
            <file>file:/H:/xampp/htdocs/vero/app/Http/Controllers/HomeController.php</file>
        </group>
    </open-files>
</project-private>
